-- ===============================================================================
-- Jede SQL-Anweisung muss in genau 1 Zeile
-- Kommentare durch -- am Zeilenanfang
-- ===============================================================================

--
-- kunde
--
INSERT INTO kunde (id, version, nachname, vorname, kategorie, umsatz, seit, art, familienstand, geschlecht, newsletter, rabatt, email, password, bemerkungen, erzeugt, aktualisiert) VALUES(1,0,'Admin','Admin',1,0,'31.01.2001','F',NULL,NULL,0,0,'1@hs-karlsruhe.de','FI3pxaekTRnlbNmuGlVL9nhHr7DFj24S+imsfd/KmUA=',NULL,'01.08.2007 00:00:00','01.08.2007 00:00:00');
INSERT INTO kunde (id, version, nachname, vorname, kategorie, umsatz, seit, art, familienstand, geschlecht, newsletter, rabatt, email, password, bemerkungen, erzeugt, aktualisiert) VALUES (101,0,'Alpha','Adriana',1,'1500,5','31.01.2001','P','VH','W',1,'0,1','101@hs-karlsruhe.de','FI3pxaekTRnlbNmuGlVL9nhHr7DFj24S+imsfd/KmUA=',NULL,'01.08.2007 00:00:00','01.08.2007 00:00:00');
INSERT INTO kunde (id, version, nachname, vorname, kategorie, umsatz, seit, art, familienstand, geschlecht, newsletter, rabatt, email, password, bemerkungen, erzeugt, aktualisiert) VALUES (102,0,'Alpha','Alfred',1,'500,5','28.02.2002','P','L','M',1,0,'102@hs-karlsruhe.de','FI3pxaekTRnlbNmuGlVL9nhHr7DFj24S+imsfd/KmUA=',NULL,'02.08.2007 00:00:00','02.08.2007 00:00:00');
INSERT INTO kunde (id, version, nachname, vorname, kategorie, umsatz, seit, art, familienstand, geschlecht, newsletter, rabatt, email, password, bemerkungen, erzeugt, aktualisiert) VALUES (103,0,'Alpha','Anton',1,'0,5','15.09.2003','F',NULL,NULL,0,'0,1','103@hs-karlsruhe.de','FI3pxaekTRnlbNmuGlVL9nhHr7DFj24S+imsfd/KmUA=',NULL,'03.08.2007 00:00:00','03.08.2007 00:00:00');
INSERT INTO kunde (id, version, nachname, vorname, kategorie, umsatz, seit, art, familienstand, geschlecht, newsletter, rabatt, email, password, bemerkungen, erzeugt, aktualisiert) VALUES (104,0,'Delta','Dirk',1,'1500,5','30.04.2004','F',NULL,NULL,1,'0,15','104@hs-karlsruhe.de','FI3pxaekTRnlbNmuGlVL9nhHr7DFj24S+imsfd/KmUA=',NULL,'04.08.2007 00:00:00','04.08.2007 00:00:00');
INSERT INTO kunde (id, version, nachname, vorname, kategorie, umsatz, seit, art, familienstand, geschlecht, newsletter, rabatt, email, password, bemerkungen, erzeugt, aktualisiert) VALUES (105,0,'Epsilon','Emil',1,'1500,5','31.03.2005','P','G','M',0,0,'105@hs-karlsruhe.de','FI3pxaekTRnlbNmuGlVL9nhHr7DFj24S+imsfd/KmUA=',NULL,'05.08.2007 00:00:00','05.08.2007 00:00:00');
INSERT INTO kunde (id, version, nachname, vorname, kategorie, umsatz, seit, art, familienstand, geschlecht, newsletter, rabatt, email, password, bemerkungen, erzeugt, aktualisiert) VALUES (120,0,'N¸','Na',1,'1500,5','29.02.2000','P','VH','M',1,0,'120@hs-karlsruhe.de','FI3pxaekTRnlbNmuGlVL9nhHr7DFj24S+imsfd/KmUA=',NULL,'01.08.2007 00:00:00','01.08.2007 00:00:00');
INSERT INTO kunde (id, version, nachname, vorname, kategorie, umsatz, seit, art, familienstand, geschlecht, newsletter, rabatt, email, password, bemerkungen, erzeugt, aktualisiert) VALUES (121,0,'N¸','Nb',1,'1500,5','29.02.2000','P','VH','M',1,0,'121@hs-karlsruhe.de','FI3pxaekTRnlbNmuGlVL9nhHr7DFj24S+imsfd/KmUA=',NULL,'01.08.2007 00:00:00','01.08.2007 00:00:00');
INSERT INTO kunde (id, version, nachname, vorname, kategorie, umsatz, seit, art, familienstand, geschlecht, newsletter, rabatt, email, password, bemerkungen, erzeugt, aktualisiert) VALUES (122,0,'N¸','Nc',1,'1500,5','29.02.2000','P','VH','M',1,0,'122@hs-karlsruhe.de','FI3pxaekTRnlbNmuGlVL9nhHr7DFj24S+imsfd/KmUA=',NULL,'01.08.2007 00:00:00','01.08.2007 00:00:00');
INSERT INTO kunde (id, version, nachname, vorname, kategorie, umsatz, seit, art, familienstand, geschlecht, newsletter, rabatt, email, password, bemerkungen, erzeugt, aktualisiert) VALUES (123,0,'N¸','Nd',1,'1500,5','29.02.2000','P','VH','M',1,0,'123@hs-karlsruhe.de','FI3pxaekTRnlbNmuGlVL9nhHr7DFj24S+imsfd/KmUA=',NULL,'01.08.2007 00:00:00','01.08.2007 00:00:00');
INSERT INTO kunde (id, version, nachname, vorname, kategorie, umsatz, seit, art, familienstand, geschlecht, newsletter, rabatt, email, password, bemerkungen, erzeugt, aktualisiert) VALUES (124,0,'N¸','Ne',1,'1500,5','29.02.2000','P','VH','M',1,0,'124@hs-karlsruhe.de','FI3pxaekTRnlbNmuGlVL9nhHr7DFj24S+imsfd/KmUA=',NULL,'01.08.2007 00:00:00','01.08.2007 00:00:00');
INSERT INTO kunde (id, version, nachname, vorname, kategorie, umsatz, seit, art, familienstand, geschlecht, newsletter, rabatt, email, password, bemerkungen, erzeugt, aktualisiert) VALUES (140,0,'Omega','Oa',1,'1500,5','29.02.2000','P','VH','M',1,0,'140@hs-karlsruhe.de','FI3pxaekTRnlbNmuGlVL9nhHr7DFj24S+imsfd/KmUA=',NULL,'01.08.2007 00:00:00','01.08.2007 00:00:00');
INSERT INTO kunde (id, version, nachname, vorname, kategorie, umsatz, seit, art, familienstand, geschlecht, newsletter, rabatt, email, password, bemerkungen, erzeugt, aktualisiert) VALUES (141,0,'Omega','Ob',2,'11500,5','29.02.2000','P','VH','M',1,0,'141@hs-karlsruhe.de','FI3pxaekTRnlbNmuGlVL9nhHr7DFj24S+imsfd/KmUA=',NULL,'01.08.2007 00:00:00','01.08.2007 00:00:00');
INSERT INTO kunde (id, version, nachname, vorname, kategorie, umsatz, seit, art, familienstand, geschlecht, newsletter, rabatt, email, password, bemerkungen, erzeugt, aktualisiert) VALUES (142,0,'Omega','Oc',3,'21500,5','29.02.2000','P','VH','M',1,0,'142@hs-karlsruhe.de','FI3pxaekTRnlbNmuGlVL9nhHr7DFj24S+imsfd/KmUA=',NULL,'01.08.2007 00:00:00','01.08.2007 00:00:00');
INSERT INTO kunde (id, version, nachname, vorname, kategorie, umsatz, seit, art, familienstand, geschlecht, newsletter, rabatt, email, password, bemerkungen, erzeugt, aktualisiert) VALUES (143,0,'Omega','Od',4,'31500,5','29.02.2000','P','VH','M',1,0,'143@hs-karlsruhe.de','FI3pxaekTRnlbNmuGlVL9nhHr7DFj24S+imsfd/KmUA=',NULL,'01.08.2007 00:00:00','01.08.2007 00:00:00');
INSERT INTO kunde (id, version, nachname, vorname, kategorie, umsatz, seit, art, familienstand, geschlecht, newsletter, rabatt, email, password, bemerkungen, erzeugt, aktualisiert) VALUES (144,0,'Omega','Oe',5,'41500,5','29.02.2000','P','VH','M',1,0,'144@hs-karlsruhe.de','FI3pxaekTRnlbNmuGlVL9nhHr7DFj24S+imsfd/KmUA=',NULL,'01.08.2007 00:00:00','01.08.2007 00:00:00');
INSERT INTO kunde (id, version, nachname, vorname, kategorie, umsatz, seit, art, familienstand, geschlecht, newsletter, rabatt, email, password, bemerkungen, erzeugt, aktualisiert) VALUES (145,0,'Omega','Of',1,'51500,5','29.02.2000','P','VH','M',1,0,'145@hs-karlsruhe.de','FI3pxaekTRnlbNmuGlVL9nhHr7DFj24S+imsfd/KmUA=',NULL,'01.08.2007 00:00:00','01.08.2007 00:00:00');
INSERT INTO kunde (id, version, nachname, vorname, kategorie, umsatz, seit, art, familienstand, geschlecht, newsletter, rabatt, email, password, bemerkungen, erzeugt, aktualisiert) VALUES (146,0,'Omega','Og',2,'61500,5','29.02.2000','P','VH','M',1,0,'146@hs-karlsruhe.de','FI3pxaekTRnlbNmuGlVL9nhHr7DFj24S+imsfd/KmUA=',NULL,'01.08.2007 00:00:00','01.08.2007 00:00:00');
INSERT INTO kunde (id, version, nachname, vorname, kategorie, umsatz, seit, art, familienstand, geschlecht, newsletter, rabatt, email, password, bemerkungen, erzeugt, aktualisiert) VALUES (147,0,'Omega','Oh',3,'71500,5','29.02.2000','P','VH','M',1,0,'147@hs-karlsruhe.de','FI3pxaekTRnlbNmuGlVL9nhHr7DFj24S+imsfd/KmUA=',NULL,'01.08.2007 00:00:00','01.08.2007 00:00:00');
INSERT INTO kunde (id, version, nachname, vorname, kategorie, umsatz, seit, art, familienstand, geschlecht, newsletter, rabatt, email, password, bemerkungen, erzeugt, aktualisiert) VALUES (148,0,'Omega','Oi',4,'81500,5','29.02.2000','P','VH','M',1,0,'148@hs-karlsruhe.de','FI3pxaekTRnlbNmuGlVL9nhHr7DFj24S+imsfd/KmUA=',NULL,'01.08.2007 00:00:00','01.08.2007 00:00:00');
INSERT INTO kunde (id, version, nachname, vorname, kategorie, umsatz, seit, art, familienstand, geschlecht, newsletter, rabatt, email, password, bemerkungen, erzeugt, aktualisiert) VALUES (149,0,'Omega','Oj',5,'911500,5','29.02.2000','P','VH','M',1,0,'149@hs-karlsruhe.de','FI3pxaekTRnlbNmuGlVL9nhHr7DFj24S+imsfd/KmUA=',NULL,'01.08.2007 00:00:00','01.08.2007 00:00:00');
INSERT INTO kunde (id, version, nachname, vorname, kategorie, umsatz, seit, art, familienstand, geschlecht, newsletter, rabatt, email, password, bemerkungen, erzeugt, aktualisiert) VALUES (150,0,'Omega','Ok',1,'101500,5','29.02.2000','P','VH','M',1,0,'150@hs-karlsruhe.de','FI3pxaekTRnlbNmuGlVL9nhHr7DFj24S+imsfd/KmUA=',NULL,'01.08.2007 00:00:00','01.08.2007 00:00:00');
INSERT INTO kunde (id, version, nachname, vorname, kategorie, umsatz, seit, art, familienstand, geschlecht, newsletter, rabatt, email, password, bemerkungen, erzeugt, aktualisiert) VALUES (151,0,'Omega','Ol',2,'111500,5','29.02.2000','P','VH','M',1,0,'151@hs-karlsruhe.de','FI3pxaekTRnlbNmuGlVL9nhHr7DFj24S+imsfd/KmUA=',NULL,'01.08.2007 00:00:00','01.08.2007 00:00:00');
INSERT INTO kunde (id, version, nachname, vorname, kategorie, umsatz, seit, art, familienstand, geschlecht, newsletter, rabatt, email, password, bemerkungen, erzeugt, aktualisiert) VALUES (152,0,'Omega','Om',3,'121500,5','29.02.2000','P','VH','M',1,0,'152@hs-karlsruhe.de','FI3pxaekTRnlbNmuGlVL9nhHr7DFj24S+imsfd/KmUA=',NULL,'01.08.2007 00:00:00','01.08.2007 00:00:00');

--
-- file_tbl
--
-- Die eigene Stored Procedure "insert_file_kunde" fuegt in die Tabelle file_tbl eine Zeile bzw. einen Datensatz ein,
-- der u.a. eine Datei enthaelt 
CALL insert_file_kunde(101,1,0,'image.png','Privatkunde_101.png','png','I','01.01.2007 01:00:00','01.01.2007 01:00:00');
CALL insert_file_kunde(102,2,0,'video.mp4','Privatkunde_102.mp4','mp4','V','01.01.2007 01:00:00','01.01.2007 01:00:00');

--
-- kunde_rolle
--
INSERT INTO kunde_rolle (kunde_fk, rolle) VALUES (1,'admin');
INSERT INTO kunde_rolle (kunde_fk, rolle) VALUES (1,'mitarbeiter');
INSERT INTO kunde_rolle (kunde_fk, rolle) VALUES (1,'abteilungsleiter');
INSERT INTO kunde_rolle (kunde_fk, rolle) VALUES (1,'kunde');
INSERT INTO kunde_rolle (kunde_fk, rolle) VALUES (101,'mitarbeiter');
INSERT INTO kunde_rolle (kunde_fk, rolle) VALUES (102,'kunde');
INSERT INTO kunde_rolle (kunde_fk, rolle) VALUES (103,'mitarbeiter');
INSERT INTO kunde_rolle (kunde_fk, rolle) VALUES (103,'kunde');
INSERT INTO kunde_rolle (kunde_fk, rolle) VALUES (104,'admin');

--
-- adresse
--
INSERT INTO adresse(id, version, plz, ort, strasse, hausnr, kunde_fk, erzeugt, aktualisiert) VALUES (1,0,'76133','Karlsruhe','Moltkestraﬂe','30',1,'01.08.2007 00:00:00','01.08.2007 00:00:00');
INSERT INTO adresse(id, version, plz, ort, strasse, hausnr, kunde_fk, erzeugt, aktualisiert) VALUES (101,0,'76133','Karlsruhe','Moltkestraﬂe','31',101,'01.08.2007 00:00:00','01.08.2007 00:00:00');
INSERT INTO adresse(id, version, plz, ort, strasse, hausnr, kunde_fk, erzeugt, aktualisiert) VALUES (102,0,'76133','Karlsruhe','Moltkestraﬂe','32',102,'02.08.2007 00:00:00','02.08.2007 00:00:00');
INSERT INTO adresse(id, version, plz, ort, strasse, hausnr, kunde_fk, erzeugt, aktualisiert) VALUES (103,0,'76133','Karlsruhe','Moltkestraﬂe','33',103,'03.08.2007 00:00:00','03.08.2007 00:00:00');
INSERT INTO adresse(id, version, plz, ort, strasse, hausnr, kunde_fk, erzeugt, aktualisiert) VALUES (104,0,'76133','Karlsruhe','Moltkestraﬂe','34',104,'04.08.2007 00:00:00','04.08.2007 00:00:00');
INSERT INTO adresse(id, version, plz, ort, strasse, hausnr, kunde_fk, erzeugt, aktualisiert) VALUES (105,0,'76133','Karlsruhe','Moltkestraﬂe','35',105,'05.08.2007 00:00:00','05.08.2007 00:00:00');
INSERT INTO adresse(id, version, plz, ort, strasse, hausnr, kunde_fk, erzeugt, aktualisiert) VALUES (120,0,'76133','Karlsruhe','Moltkestraﬂe','20',120,'01.08.2007 00:00:00','01.08.2007 00:00:00');
INSERT INTO adresse(id, version, plz, ort, strasse, hausnr, kunde_fk, erzeugt, aktualisiert) VALUES (121,0,'76133','Karlsruhe','Moltkestraﬂe','21',121,'01.08.2007 00:00:00','01.08.2007 00:00:00');
INSERT INTO adresse(id, version, plz, ort, strasse, hausnr, kunde_fk, erzeugt, aktualisiert) VALUES (122,0,'76133','Karlsruhe','Moltkestraﬂe','22',122,'01.08.2007 00:00:00','01.08.2007 00:00:00');
INSERT INTO adresse(id, version, plz, ort, strasse, hausnr, kunde_fk, erzeugt, aktualisiert) VALUES (123,0,'76133','Karlsruhe','Moltkestraﬂe','23',123,'01.08.2007 00:00:00','01.08.2007 00:00:00');
INSERT INTO adresse(id, version, plz, ort, strasse, hausnr, kunde_fk, erzeugt, aktualisiert) VALUES (124,0,'76133','Karlsruhe','Moltkestraﬂe','24',124,'01.08.2007 00:00:00','01.08.2007 00:00:00');
INSERT INTO adresse(id, version, plz, ort, strasse, hausnr, kunde_fk, erzeugt, aktualisiert) VALUES (140,0,'76133','Karlsruhe','Moltkestraﬂe','40',140,'01.08.2007 00:00:00','01.08.2007 00:00:00');
INSERT INTO adresse(id, version, plz, ort, strasse, hausnr, kunde_fk, erzeugt, aktualisiert) VALUES (141,0,'76133','Karlsruhe','Moltkestraﬂe','41',141,'01.08.2007 00:00:00','01.08.2007 00:00:00');
INSERT INTO adresse(id, version, plz, ort, strasse, hausnr, kunde_fk, erzeugt, aktualisiert) VALUES (142,0,'76133','Karlsruhe','Moltkestraﬂe','42',142,'01.08.2007 00:00:00','01.08.2007 00:00:00');
INSERT INTO adresse(id, version, plz, ort, strasse, hausnr, kunde_fk, erzeugt, aktualisiert) VALUES (143,0,'76133','Karlsruhe','Moltkestraﬂe','43',143,'01.08.2007 00:00:00','01.08.2007 00:00:00');
INSERT INTO adresse(id, version, plz, ort, strasse, hausnr, kunde_fk, erzeugt, aktualisiert) VALUES (144,0,'76133','Karlsruhe','Moltkestraﬂe','44',144,'01.08.2007 00:00:00','01.08.2007 00:00:00');
INSERT INTO adresse(id, version, plz, ort, strasse, hausnr, kunde_fk, erzeugt, aktualisiert) VALUES (145,0,'76133','Karlsruhe','Moltkestraﬂe','45',145,'01.08.2007 00:00:00','01.08.2007 00:00:00');
INSERT INTO adresse(id, version, plz, ort, strasse, hausnr, kunde_fk, erzeugt, aktualisiert) VALUES (146,0,'76133','Karlsruhe','Moltkestraﬂe','46',146,'01.08.2007 00:00:00','01.08.2007 00:00:00');
INSERT INTO adresse(id, version, plz, ort, strasse, hausnr, kunde_fk, erzeugt, aktualisiert) VALUES (147,0,'76133','Karlsruhe','Moltkestraﬂe','47',147,'01.08.2007 00:00:00','01.08.2007 00:00:00');
INSERT INTO adresse(id, version, plz, ort, strasse, hausnr, kunde_fk, erzeugt, aktualisiert) VALUES (148,0,'76133','Karlsruhe','Moltkestraﬂe','48',148,'01.08.2007 00:00:00','01.08.2007 00:00:00');
INSERT INTO adresse(id, version, plz, ort, strasse, hausnr, kunde_fk, erzeugt, aktualisiert) VALUES (149,0,'76133','Karlsruhe','Moltkestraﬂe','49',149,'01.08.2007 00:00:00','01.08.2007 00:00:00');
INSERT INTO adresse(id, version, plz, ort, strasse, hausnr, kunde_fk, erzeugt, aktualisiert) VALUES (150,0,'76133','Karlsruhe','Moltkestraﬂe','50',150,'01.08.2007 00:00:00','01.08.2007 00:00:00');
INSERT INTO adresse(id, version, plz, ort, strasse, hausnr, kunde_fk, erzeugt, aktualisiert) VALUES (151,0,'76133','Karlsruhe','Moltkestraﬂe','51',151,'01.08.2007 00:00:00','01.08.2007 00:00:00');
INSERT INTO adresse(id, version, plz, ort, strasse, hausnr, kunde_fk, erzeugt, aktualisiert) VALUES (152,0,'76133','Karlsruhe','Moltkestraﬂe','52',152,'01.08.2007 00:00:00','01.08.2007 00:00:00');

--
-- kunde_hobby : S = SPORT, L = LESEN, R = REISEN
--
INSERT INTO kunde_hobby (kunde_fk, hobby) VALUES (101,'S');
INSERT INTO kunde_hobby (kunde_fk, hobby) VALUES (101,'L');
INSERT INTO kunde_hobby (kunde_fk, hobby) VALUES (102,'S');
INSERT INTO kunde_hobby (kunde_fk, hobby) VALUES (102,'R');
INSERT INTO kunde_hobby (kunde_fk, hobby) VALUES (105,'L');
INSERT INTO kunde_hobby (kunde_fk, hobby) VALUES (105,'R');
INSERT INTO kunde_hobby (kunde_fk, hobby) VALUES (120,'S');
INSERT INTO kunde_hobby (kunde_fk, hobby) VALUES (120,'L');
INSERT INTO kunde_hobby (kunde_fk, hobby) VALUES (121,'S');
INSERT INTO kunde_hobby (kunde_fk, hobby) VALUES (121,'L');
INSERT INTO kunde_hobby (kunde_fk, hobby) VALUES (122,'S');
INSERT INTO kunde_hobby (kunde_fk, hobby) VALUES (122,'L');
INSERT INTO kunde_hobby (kunde_fk, hobby) VALUES (123,'S');
INSERT INTO kunde_hobby (kunde_fk, hobby) VALUES (123,'L');
INSERT INTO kunde_hobby (kunde_fk, hobby) VALUES (124,'S');
INSERT INTO kunde_hobby (kunde_fk, hobby) VALUES (124,'L');
INSERT INTO kunde_hobby (kunde_fk, hobby) VALUES (140,'S');
INSERT INTO kunde_hobby (kunde_fk, hobby) VALUES (140,'L');
INSERT INTO kunde_hobby (kunde_fk, hobby) VALUES (141,'S');
INSERT INTO kunde_hobby (kunde_fk, hobby) VALUES (141,'L');
INSERT INTO kunde_hobby (kunde_fk, hobby) VALUES (142,'S');
INSERT INTO kunde_hobby (kunde_fk, hobby) VALUES (142,'L');
INSERT INTO kunde_hobby (kunde_fk, hobby) VALUES (143,'S');
INSERT INTO kunde_hobby (kunde_fk, hobby) VALUES (143,'L');
INSERT INTO kunde_hobby (kunde_fk, hobby) VALUES (144,'S');
INSERT INTO kunde_hobby (kunde_fk, hobby) VALUES (144,'L');
INSERT INTO kunde_hobby (kunde_fk, hobby) VALUES (145,'S');
INSERT INTO kunde_hobby (kunde_fk, hobby) VALUES (145,'L');
INSERT INTO kunde_hobby (kunde_fk, hobby) VALUES (146,'S');
INSERT INTO kunde_hobby (kunde_fk, hobby) VALUES (146,'L');
INSERT INTO kunde_hobby (kunde_fk, hobby) VALUES (147,'S');
INSERT INTO kunde_hobby (kunde_fk, hobby) VALUES (147,'L');
INSERT INTO kunde_hobby (kunde_fk, hobby) VALUES (148,'S');
INSERT INTO kunde_hobby (kunde_fk, hobby) VALUES (148,'L');
INSERT INTO kunde_hobby (kunde_fk, hobby) VALUES (149,'S');
INSERT INTO kunde_hobby (kunde_fk, hobby) VALUES (149,'L');
INSERT INTO kunde_hobby (kunde_fk, hobby) VALUES (150,'S');
INSERT INTO kunde_hobby (kunde_fk, hobby) VALUES (150,'L');
INSERT INTO kunde_hobby (kunde_fk, hobby) VALUES (151,'S');
INSERT INTO kunde_hobby (kunde_fk, hobby) VALUES (151,'L');
INSERT INTO kunde_hobby (kunde_fk, hobby) VALUES (152,'S');
INSERT INTO kunde_hobby (kunde_fk, hobby) VALUES (152,'L');


--
-- artikel
--
INSERT INTO artikel (id, preis, version, bezeichnung, ausgesondert, erzeugt, aktualisiert) VALUES (300,10,0,'Tisch ''Naturholz''',0,'01.01.2007 01:00:00','01.01.2007 01:00:00');
INSERT INTO artikel (id, preis, version, bezeichnung, ausgesondert, erzeugt, aktualisiert) VALUES (301,20,0,'Stuhl ''Leder''',0,'01.01.2007 02:00:00','01.01.2007 02:00:00');
INSERT INTO artikel (id, preis, version, bezeichnung, ausgesondert, erzeugt, aktualisiert) VALUES (302,30,0,'T¸r ''Eiche''',0,'01.01.2007 03:00:00','01.01.2007 03:00:00');
INSERT INTO artikel (id, preis, version, bezeichnung, ausgesondert, erzeugt, aktualisiert) VALUES (303,40,0,'Fenster ''Plexiglas''',0,'01.01.2007 04:00:00','01.01.2007 04:00:00');
INSERT INTO artikel (id, preis, version, bezeichnung, ausgesondert, erzeugt, aktualisiert) VALUES (304,50,0,'Spiegel ''Bad''',0,'01.01.2007 05:00:00','01.01.2007 05:00:00');
INSERT INTO artikel (id, preis, version, bezeichnung, ausgesondert, erzeugt, aktualisiert) VALUES (305,60,0,'Kleiderschrank ''Ikea''',0,'01.01.2007 06:00:00','01.01.2007 06:00:00');
INSERT INTO artikel (id, preis, version, bezeichnung, ausgesondert, erzeugt, aktualisiert) VALUES (306,70,1,'Bett ''Einzel''',0,'07.08.2007 00:00:00','07.08.2007 00:00:00');
INSERT INTO artikel (id, preis, version, bezeichnung, ausgesondert, erzeugt, aktualisiert) VALUES (307,80,0,'Tisch ''Tafelrunde''',0,'01.01.2007 01:00:00','01.01.2007 01:00:00');
INSERT INTO artikel (id, preis, version, bezeichnung, ausgesondert, erzeugt, aktualisiert) VALUES (308,90,0,'Stuhl ''B¸ro''',0,'01.01.2007 02:00:00','01.01.2007 02:00:00');
INSERT INTO artikel (id, preis, version, bezeichnung, ausgesondert, erzeugt, aktualisiert) VALUES (309,100,0,'T¸r ''Glas''',0,'01.01.2007 03:00:00','01.01.2007 03:00:00');
INSERT INTO artikel (id, preis, version, bezeichnung, ausgesondert, erzeugt, aktualisiert) VALUES (310,110,0,'Fenster ''Milchglas''',0,'01.01.2007 04:00:00','01.01.2007 04:00:00');
INSERT INTO artikel (id, preis, version, bezeichnung, ausgesondert, erzeugt, aktualisiert) VALUES (311,120,1,'Spiegel ''Rund''',0,'01.01.2007 05:00:00','01.01.2007 05:00:00');
INSERT INTO artikel (id, preis, version, bezeichnung, ausgesondert, erzeugt, aktualisiert) VALUES (312,130,0,'Kleiderschrank ''Naturholz''',0,'01.01.2007 06:00:00','01.01.2007 06:00:00');
INSERT INTO artikel (id, preis, version, bezeichnung, ausgesondert, erzeugt, aktualisiert) VALUES (313,140,0,'Bett ''Jumbo''',0,'07.08.2007 00:00:00','07.08.2007 00:00:00');
INSERT INTO artikel (id, preis, version, bezeichnung, ausgesondert, erzeugt, aktualisiert) VALUES (314,150,0,'Stuhl ''Rund''',0,'01.01.2007 02:00:00','01.01.2007 02:00:00');
INSERT INTO artikel (id, preis, version, bezeichnung, ausgesondert, erzeugt, aktualisiert) VALUES (315,160,0,'Stuhl ''Garten''',0,'01.01.2007 02:00:00','01.01.2007 02:00:00');
INSERT INTO artikel (id, preis, version, bezeichnung, ausgesondert, erzeugt, aktualisiert) VALUES (316,170,0,'Stuhl ''Bar''',0,'01.01.2007 02:00:00','01.01.2007 02:00:00');
INSERT INTO artikel (id, preis, version, bezeichnung, ausgesondert, erzeugt, aktualisiert) VALUES (317,180,0,'Stuhl ''Klein''',0,'01.01.2007 02:00:00','01.01.2007 02:00:00');
INSERT INTO artikel (id, preis, version, bezeichnung, ausgesondert, erzeugt, aktualisiert) VALUES (318,190,0,'Stuhl ''Dreibein''',0,'01.01.2007 02:00:00','01.01.2007 02:00:00');

--
-- bestellung
--
INSERT INTO bestellung (id, version, kunde_fk, idx, erzeugt, aktualisiert) VALUES (400,0,101,0,'01.01.2007 01:00:00','01.01.2007 01:00:00');
INSERT INTO bestellung (id, version, kunde_fk, idx, erzeugt, aktualisiert) VALUES (401,0,101,1,'01.01.2007 02:00:00','01.01.2007 02:00:00');
INSERT INTO bestellung (id, version, kunde_fk, idx, erzeugt, aktualisiert) VALUES (402,0,102,0,'01.01.2007 03:00:00','01.01.2007 03:00:00');
INSERT INTO bestellung (id, version, kunde_fk, idx, erzeugt, aktualisiert) VALUES (403,0,102,1,'01.01.2007 04:00:00','01.01.2007 04:00:00');
INSERT INTO bestellung (id, version, kunde_fk, idx, erzeugt, aktualisiert) VALUES (404,0,104,0,'01.01.2007 05:00:00','01.01.2007 05:00:00');
INSERT INTO bestellung (id, version, kunde_fk, idx, erzeugt, aktualisiert) VALUES (410,0,121,0,'01.01.2007 06:00:00','01.01.2007 06:00:00');

--
-- bestellposition
--
INSERT INTO bestellposition (id, version, bestellung_fk, artikel_fk, anzahl, idx) VALUES (500,0,400,300,1,0);
INSERT INTO bestellposition (id, version, bestellung_fk, artikel_fk, anzahl, idx) VALUES (501,0,400,301,4,1);
INSERT INTO bestellposition (id, version, bestellung_fk, artikel_fk, anzahl, idx) VALUES (502,0,401,302,5,0);
INSERT INTO bestellposition (id, version, bestellung_fk, artikel_fk, anzahl, idx) VALUES (503,0,402,303,3,0);
INSERT INTO bestellposition (id, version, bestellung_fk, artikel_fk, anzahl, idx) VALUES (504,0,402,304,2,1);
INSERT INTO bestellposition (id, version, bestellung_fk, artikel_fk, anzahl, idx) VALUES (505,0,403,305,1,0);
INSERT INTO bestellposition (id, version, bestellung_fk, artikel_fk, anzahl, idx) VALUES (506,0,404,300,5,0);
INSERT INTO bestellposition (id, version, bestellung_fk, artikel_fk, anzahl, idx) VALUES (507,0,404,300,2,1);
INSERT INTO bestellposition (id, version, bestellung_fk, artikel_fk, anzahl, idx) VALUES (508,0,404,301,8,2);
INSERT INTO bestellposition (id, version, bestellung_fk, artikel_fk, anzahl, idx) VALUES (550,0,410,302,1,0);
INSERT INTO bestellposition (id, version, bestellung_fk, artikel_fk, anzahl, idx) VALUES (551,0,410,303,3,1);

