-- ===============================================================================
-- Jede SQL-Anweisung muss in genau 1 Zeile
-- Kommentare durch -- am Zeilenanfang
-- ===============================================================================

--
-- kunde
--
INSERT INTO hobby VALUES ('S', 'SPORT');
INSERT INTO hobby VALUES ('L', 'LESEN');
INSERT INTO hobby VALUES ('R', 'REISEN');

INSERT INTO kunde (id, version, nachname, vorname, seit, art, email, password, aktualisiert) VALUES(1,0,'Admin','Admin','31.01.2001','F','1@hs-karlsruhe.de','a4ayc/80/OGda4BO/1o/V0etpOqiLx1JwB5S3beHW0s=','01.08.2007 00:00:00');
INSERT INTO kunde (id, version, nachname, vorname, seit, art, email, password, aktualisiert) VALUES (101,0,'Alpha','Adriana','31.01.2001','P','101@hs-karlsruhe.de','Ftw2iom0KLJIVIQxO6Z6ORLKA/KytCQpF0pPiz3ITkQ=','01.08.2007 00:00:00');
INSERT INTO kunde (id, version, nachname, vorname, seit, art, email, password, aktualisiert) VALUES (102,0,'Alpha','Alfred','28.02.2002','P','102@hs-karlsruhe.de','N4NPLyV2LyPh90pTHL5EXbc9Z2Xr5gh4p9++zX1K9uE=','02.08.2007 00:00:00');
INSERT INTO kunde (id, version, nachname, vorname, seit, art, email, password, aktualisiert) VALUES (103,0,'Alpha','Anton','15.09.2003','F','103@hs-karlsruhe.de','RU9jrDDIMimX7wJe3/ar0j4NvnuKPVEmqJTkoWjBtZs=','03.08.2007 00:00:00');
INSERT INTO kunde (id, version, nachname, vorname, seit, art, email, password, aktualisiert) VALUES (104,0,'Delta','Dirk','30.04.2004','F','104@hs-karlsruhe.de','Xvb98yUTqnzRH3K+zPEyuSJNM/JxRx//QCdCiHoXHt8=','04.08.2007 00:00:00');
INSERT INTO kunde (id, version, nachname, vorname, seit, art, email, password, aktualisiert) VALUES (105,0,'Epsilon','Emil','31.03.2005','P','105@hs-karlsruhe.de','ElPpNz54G3UAJmyqVRUOCOIQvIzYzHDYmYXjYAFV6GA=','05.08.2007 00:00:00');
INSERT INTO kunde (id, version, nachname, vorname, seit, art, email, password, aktualisiert) VALUES (120,0,'N¸','Na','29.02.2000','P','120@hs-karlsruhe.de','x','01.08.2007 00:00:00');
INSERT INTO kunde (id, version, nachname, vorname, seit, art, email, password, aktualisiert) VALUES (121,0,'N¸','Nb','29.02.2000','P','121@hs-karlsruhe.de','x','01.08.2007 00:00:00');
INSERT INTO kunde (id, version, nachname, vorname, seit, art, email, password, aktualisiert) VALUES (122,0,'N¸','Nc','29.02.2000','P','122@hs-karlsruhe.de','x','01.08.2007 00:00:00');
INSERT INTO kunde (id, version, nachname, vorname, seit, art, email, password, aktualisiert) VALUES (123,0,'N¸','Nd','29.02.2000','P','123@hs-karlsruhe.de','x','01.08.2007 00:00:00');
INSERT INTO kunde (id, version, nachname, vorname, seit, art, email, password, aktualisiert) VALUES (124,0,'N¸','Ne','29.02.2000','P','124@hs-karlsruhe.de','x','01.08.2007 00:00:00');
INSERT INTO kunde (id, version, nachname, vorname, seit, art, email, password, aktualisiert) VALUES (140,0,'Omega','Oa','29.02.2000','P','140@hs-karlsruhe.de','x','01.08.2007 00:00:00');
INSERT INTO kunde (id, version, nachname, vorname, seit, art, email, password, aktualisiert) VALUES (141,0,'Omega','Ob','29.02.2000','P','141@hs-karlsruhe.de','x','01.08.2007 00:00:00');
INSERT INTO kunde (id, version, nachname, vorname, seit, art, email, password, aktualisiert) VALUES (142,0,'Omega','Oc','29.02.2000','P','142@hs-karlsruhe.de','x','01.08.2007 00:00:00');
INSERT INTO kunde (id, version, nachname, vorname, seit, art, email, password, aktualisiert) VALUES (143,0,'Omega','Od','29.02.2000','P','143@hs-karlsruhe.de','x','01.08.2007 00:00:00');
INSERT INTO kunde (id, version, nachname, vorname, seit, art, email, password, aktualisiert) VALUES (144,0,'Omega','Oe','29.02.2000','P','144@hs-karlsruhe.de','x','01.08.2007 00:00:00');
INSERT INTO kunde (id, version, nachname, vorname, seit, art, email, password, aktualisiert) VALUES (145,0,'Omega','Of','29.02.2000','P','145@hs-karlsruhe.de','x','01.08.2007 00:00:00');
INSERT INTO kunde (id, version, nachname, vorname, seit, art, email, password, aktualisiert) VALUES (146,0,'Omega','Og','29.02.2000','P','146@hs-karlsruhe.de','x','01.08.2007 00:00:00');
INSERT INTO kunde (id, version, nachname, vorname, seit, art, email, password, aktualisiert) VALUES (147,0,'Omega','Oh','29.02.2000','P','147@hs-karlsruhe.de','x','01.08.2007 00:00:00');
INSERT INTO kunde (id, version, nachname, vorname, seit, art, email, password, aktualisiert) VALUES (148,0,'Omega','Oi','29.02.2000','P','148@hs-karlsruhe.de','x','01.08.2007 00:00:00');
INSERT INTO kunde (id, version, nachname, vorname, seit, art, email, password, aktualisiert) VALUES (149,0,'Omega','Oj','29.02.2000','P','149@hs-karlsruhe.de','x','01.08.2007 00:00:00');
INSERT INTO kunde (id, version, nachname, vorname, seit, art, email, password, aktualisiert) VALUES (150,0,'Omega','Ok','29.02.2000','P','150@hs-karlsruhe.de','x','01.08.2007 00:00:00');
INSERT INTO kunde (id, version, nachname, vorname, seit, art, email, password, aktualisiert) VALUES (151,0,'Omega','Ol','29.02.2000','P','151@hs-karlsruhe.de','x','01.08.2007 00:00:00');
INSERT INTO kunde (id, version, nachname, vorname, seit, art, email, password, aktualisiert) VALUES (152,0,'Omega','Om','29.02.2000','P','152@hs-karlsruhe.de','x','01.08.2007 00:00:00');


--
-- file_tbl
--
-- Die eigene Stored Procedure "insert_file_kunde" fuegt in die Tabelle file_tbl eine Zeile bzw. einen Datensatz ein,
-- der u.a. eine Datei enthaelt 
CALL insert_file_kunde(102,1,0,'image.png','Privatkunde_101.png','png','I','01.01.2007 01:00:00','01.01.2007 01:00:00');
CALL insert_file_kunde(102,2,0,'video.mp4','Privatkunde_102.mp4','mp4','V','01.01.2007 01:00:00','01.01.2007 01:00:00');

--
-- kunde_rolle
--
INSERT INTO kunde_rolle (kunde_fk, rolle) VALUES (1,'admin');
INSERT INTO kunde_rolle (kunde_fk, rolle) VALUES (1,'mitarbeiter');
INSERT INTO kunde_rolle (kunde_fk, rolle) VALUES (1,'kunde');
INSERT INTO kunde_rolle (kunde_fk, rolle) VALUES (101,'admin');
INSERT INTO kunde_rolle (kunde_fk, rolle) VALUES (101,'mitarbeiter');
INSERT INTO kunde_rolle (kunde_fk, rolle) VALUES (101,'kunde');
INSERT INTO kunde_rolle (kunde_fk, rolle) VALUES (102,'mitarbeiter');
INSERT INTO kunde_rolle (kunde_fk, rolle) VALUES (102,'kunde');
INSERT INTO kunde_rolle (kunde_fk, rolle) VALUES (103,'mitarbeiter');
INSERT INTO kunde_rolle (kunde_fk, rolle) VALUES (103,'kunde');
INSERT INTO kunde_rolle (kunde_fk, rolle) VALUES (104,'kunde');



INSERT INTO adresse(id, version, plz, ort, strasse, hausnr, kunde_fk, erzeugt, aktualisiert) VALUES (1,0,'76133','Karlsruhe','Moltkestraﬂe','30',1,'01.08.2007 00:00:00','01.08.2007 00:00:00');
INSERT INTO adresse(id, version, plz, ort, strasse, hausnr, kunde_fk, erzeugt, aktualisiert) VALUES (101,0,'76133','Karlsruhe','Moltkestraﬂe','31',101,'01.08.2007 00:00:00','01.08.2007 00:00:00');
INSERT INTO adresse(id, version, plz, ort, strasse, hausnr, kunde_fk, erzeugt, aktualisiert) VALUES (102,0,'76133','Karlsruhe','Moltkestraﬂe','32',102,'02.08.2007 00:00:00','02.08.2007 00:00:00');
INSERT INTO adresse(id, version, plz, ort, strasse, hausnr, kunde_fk, erzeugt, aktualisiert) VALUES (103,0,'76133','Karlsruhe','Moltkestraﬂe','33',103,'03.08.2007 00:00:00','03.08.2007 00:00:00');
INSERT INTO adresse(id, version, plz, ort, strasse, hausnr, kunde_fk, erzeugt, aktualisiert) VALUES (104,0,'76133','Karlsruhe','Moltkestraﬂe','34',104,'04.08.2007 00:00:00','04.08.2007 00:00:00');
INSERT INTO adresse(id, version, plz, ort, strasse, hausnr, kunde_fk, erzeugt, aktualisiert) VALUES (105,0,'76133','Karlsruhe','Moltkestraﬂe','35',105,'05.08.2007 00:00:00','05.08.2007 00:00:00');
INSERT INTO adresse(id, version, plz, ort, strasse, hausnr, kunde_fk, erzeugt, aktualisiert) VALUES (120,0,'76133','Karlsruhe','Moltkestraﬂe','20',120,'01.08.2007 00:00:00','01.08.2007 00:00:00');
INSERT INTO adresse(id, version, plz, ort, strasse, hausnr, kunde_fk, erzeugt, aktualisiert) VALUES (121,0,'76133','Karlsruhe','Moltkestraﬂe','21',121,'01.08.2007 00:00:00','01.08.2007 00:00:00');
INSERT INTO adresse(id, version, plz, ort, strasse, hausnr, kunde_fk, erzeugt, aktualisiert) VALUES (122,0,'76133','Karlsruhe','Moltkestraﬂe','22',122,'01.08.2007 00:00:00','01.08.2007 00:00:00');
INSERT INTO adresse(id, version, plz, ort, strasse, hausnr, kunde_fk, erzeugt, aktualisiert) VALUES (123,0,'76133','Karlsruhe','Moltkestraﬂe','23',123,'01.08.2007 00:00:00','01.08.2007 00:00:00');
INSERT INTO adresse(id, version, plz, ort, strasse, hausnr, kunde_fk, erzeugt, aktualisiert) VALUES (124,0,'76133','Karlsruhe','Moltkestraﬂe','24',124,'01.08.2007 00:00:00','01.08.2007 00:00:00');
INSERT INTO adresse(id, version, plz, ort, strasse, hausnr, kunde_fk, erzeugt, aktualisiert) VALUES (140,0,'76133','Karlsruhe','Moltkestraﬂe','40',140,'01.08.2007 00:00:00','01.08.2007 00:00:00');
INSERT INTO adresse(id, version, plz, ort, strasse, hausnr, kunde_fk, erzeugt, aktualisiert) VALUES (141,0,'76133','Karlsruhe','Moltkestraﬂe','41',141,'01.08.2007 00:00:00','01.08.2007 00:00:00');
INSERT INTO adresse(id, version, plz, ort, strasse, hausnr, kunde_fk, erzeugt, aktualisiert) VALUES (142,0,'76133','Karlsruhe','Moltkestraﬂe','42',142,'01.08.2007 00:00:00','01.08.2007 00:00:00');
INSERT INTO adresse(id, version, plz, ort, strasse, hausnr, kunde_fk, erzeugt, aktualisiert) VALUES (143,0,'76133','Karlsruhe','Moltkestraﬂe','43',143,'01.08.2007 00:00:00','01.08.2007 00:00:00');
INSERT INTO adresse(id, version, plz, ort, strasse, hausnr, kunde_fk, erzeugt, aktualisiert) VALUES (144,0,'76133','Karlsruhe','Moltkestraﬂe','44',144,'01.08.2007 00:00:00','01.08.2007 00:00:00');
INSERT INTO adresse(id, version, plz, ort, strasse, hausnr, kunde_fk, erzeugt, aktualisiert) VALUES (145,0,'76133','Karlsruhe','Moltkestraﬂe','45',145,'01.08.2007 00:00:00','01.08.2007 00:00:00');
INSERT INTO adresse(id, version, plz, ort, strasse, hausnr, kunde_fk, erzeugt, aktualisiert) VALUES (146,0,'76133','Karlsruhe','Moltkestraﬂe','46',146,'01.08.2007 00:00:00','01.08.2007 00:00:00');
INSERT INTO adresse(id, version, plz, ort, strasse, hausnr, kunde_fk, erzeugt, aktualisiert) VALUES (147,0,'76133','Karlsruhe','Moltkestraﬂe','47',147,'01.08.2007 00:00:00','01.08.2007 00:00:00');
INSERT INTO adresse(id, version, plz, ort, strasse, hausnr, kunde_fk, erzeugt, aktualisiert) VALUES (148,0,'76133','Karlsruhe','Moltkestraﬂe','48',148,'01.08.2007 00:00:00','01.08.2007 00:00:00');
INSERT INTO adresse(id, version, plz, ort, strasse, hausnr, kunde_fk, erzeugt, aktualisiert) VALUES (149,0,'76133','Karlsruhe','Moltkestraﬂe','49',149,'01.08.2007 00:00:00','01.08.2007 00:00:00');
INSERT INTO adresse(id, version, plz, ort, strasse, hausnr, kunde_fk, erzeugt, aktualisiert) VALUES (150,0,'76133','Karlsruhe','Moltkestraﬂe','50',150,'01.08.2007 00:00:00','01.08.2007 00:00:00');
INSERT INTO adresse(id, version, plz, ort, strasse, hausnr, kunde_fk, erzeugt, aktualisiert) VALUES (151,0,'76133','Karlsruhe','Moltkestraﬂe','51',151,'01.08.2007 00:00:00','01.08.2007 00:00:00');
INSERT INTO adresse(id, version, plz, ort, strasse, hausnr, kunde_fk, erzeugt, aktualisiert) VALUES (152,0,'76133','Karlsruhe','Moltkestraﬂe','52',152,'01.08.2007 00:00:00','01.08.2007 00:00:00');



INSERT INTO kunde_hobby (kunde_fk, hobby) VALUES (101,'S');
INSERT INTO kunde_hobby (kunde_fk, hobby) VALUES (101,'L');
INSERT INTO kunde_hobby (kunde_fk, hobby) VALUES (102,'S');
INSERT INTO kunde_hobby (kunde_fk, hobby) VALUES (102,'R');
INSERT INTO kunde_hobby (kunde_fk, hobby) VALUES (105,'L');
INSERT INTO kunde_hobby (kunde_fk, hobby) VALUES (105,'R');
INSERT INTO kunde_hobby (kunde_fk, hobby) VALUES (120,'S');
INSERT INTO kunde_hobby (kunde_fk, hobby) VALUES (120,'L');
INSERT INTO kunde_hobby (kunde_fk, hobby) VALUES (121,'S');
INSERT INTO kunde_hobby (kunde_fk, hobby) VALUES (121,'L');
INSERT INTO kunde_hobby (kunde_fk, hobby) VALUES (122,'S');
INSERT INTO kunde_hobby (kunde_fk, hobby) VALUES (122,'L');
INSERT INTO kunde_hobby (kunde_fk, hobby) VALUES (123,'S');
INSERT INTO kunde_hobby (kunde_fk, hobby) VALUES (123,'L');
INSERT INTO kunde_hobby (kunde_fk, hobby) VALUES (124,'S');
INSERT INTO kunde_hobby (kunde_fk, hobby) VALUES (124,'L');
INSERT INTO kunde_hobby (kunde_fk, hobby) VALUES (140,'S');
INSERT INTO kunde_hobby (kunde_fk, hobby) VALUES (140,'L');
INSERT INTO kunde_hobby (kunde_fk, hobby) VALUES (141,'S');
INSERT INTO kunde_hobby (kunde_fk, hobby) VALUES (141,'L');
INSERT INTO kunde_hobby (kunde_fk, hobby) VALUES (142,'S');
INSERT INTO kunde_hobby (kunde_fk, hobby) VALUES (142,'L');
INSERT INTO kunde_hobby (kunde_fk, hobby) VALUES (143,'S');
INSERT INTO kunde_hobby (kunde_fk, hobby) VALUES (143,'L');
INSERT INTO kunde_hobby (kunde_fk, hobby) VALUES (144,'S');
INSERT INTO kunde_hobby (kunde_fk, hobby) VALUES (144,'L');
INSERT INTO kunde_hobby (kunde_fk, hobby) VALUES (145,'S');
INSERT INTO kunde_hobby (kunde_fk, hobby) VALUES (145,'L');
INSERT INTO kunde_hobby (kunde_fk, hobby) VALUES (146,'S');
INSERT INTO kunde_hobby (kunde_fk, hobby) VALUES (146,'L');
INSERT INTO kunde_hobby (kunde_fk, hobby) VALUES (147,'S');
INSERT INTO kunde_hobby (kunde_fk, hobby) VALUES (147,'L');
INSERT INTO kunde_hobby (kunde_fk, hobby) VALUES (148,'S');
INSERT INTO kunde_hobby (kunde_fk, hobby) VALUES (148,'L');
INSERT INTO kunde_hobby (kunde_fk, hobby) VALUES (149,'S');
INSERT INTO kunde_hobby (kunde_fk, hobby) VALUES (149,'L');
INSERT INTO kunde_hobby (kunde_fk, hobby) VALUES (150,'S');
INSERT INTO kunde_hobby (kunde_fk, hobby) VALUES (150,'L');
INSERT INTO kunde_hobby (kunde_fk, hobby) VALUES (151,'S');
INSERT INTO kunde_hobby (kunde_fk, hobby) VALUES (151,'L');
INSERT INTO kunde_hobby (kunde_fk, hobby) VALUES (152,'S');
INSERT INTO kunde_hobby (kunde_fk, hobby) VALUES (152,'L');



INSERT INTO artikel (id, bezeichnung, preis, verfuegbar, aktualisiert, version, erstellt) VALUES (300,'Tisch',80,1,'01.08.2006 00:00:00',0,'01.08.2006 00:00:00');
INSERT INTO artikel (id, bezeichnung, preis, verfuegbar, aktualisiert, version, erstellt) VALUES (301,'Stuhl',10,1,'02.08.2006 00:00:00',0,'01.08.2006 00:00:00');
INSERT INTO artikel (id, bezeichnung, preis, verfuegbar, aktualisiert, version, erstellt) VALUES (302,'T¸r',300,1,'03.08.2006 00:00:00',0,'01.08.2006 00:00:00');
INSERT INTO artikel (id, bezeichnung, preis, verfuegbar, aktualisiert, version, erstellt) VALUES (303,'Fenster',150,1,'04.08.2006 00:00:00',0,'01.08.2006 00:00:00');
INSERT INTO artikel (id, bezeichnung, preis, verfuegbar, aktualisiert, version, erstellt) VALUES (304,'Spiegel',60,0,'05.08.2006 00:00:00',0,'01.08.2006 00:00:00');
INSERT INTO artikel (id, bezeichnung, preis, verfuegbar, aktualisiert, version, erstellt) VALUES (305,'Kleiderschrank',500,1,'06.08.2006 00:00:00',0,'01.08.2006 00:00:00');
INSERT INTO artikel (id, bezeichnung, preis, verfuegbar, aktualisiert, version, erstellt) VALUES (306,'Bett',600,1,'07.08.2006 00:00:00',0,'01.08.2006 00:00:00');


INSERT INTO bestellung (id, kunde_fk, idx, erzeugt, aktualisiert, version) VALUES (400,101,1,'01.08.2006 00:00:00','01.08.2006 00:00:00',0);
INSERT INTO bestellung (id, kunde_fk, idx, erzeugt, aktualisiert, version) VALUES (401,101,1,'02.08.2006 00:00:00','02.08.2006 00:00:00',0);
INSERT INTO bestellung (id, kunde_fk, idx, erzeugt, aktualisiert, version) VALUES (402,102,0,'03.08.2006 00:00:00','03.08.2006 00:00:00',0);
INSERT INTO bestellung (id, kunde_fk, idx, erzeugt, aktualisiert, version) VALUES (403,102,0,'04.08.2006 00:00:00','04.08.2006 00:00:00',0);
INSERT INTO bestellung (id, kunde_fk, idx, erzeugt, aktualisiert, version) VALUES (404,104,1,'05.08.2006 00:00:00','05.08.2006 00:00:00',0);
INSERT INTO bestellung (id, kunde_fk, idx, erzeugt, aktualisiert, version) VALUES (410,121,1,'05.08.2006 00:00:00','05.08.2006 00:00:00',0);



INSERT INTO bestellposten (id, bestellung_fk, artikel_fk, anzahl, idx, version) VALUES (500,400,300,1,0,0);
INSERT INTO bestellposten (id, bestellung_fk, artikel_fk, anzahl, idx, version) VALUES (501,400,301,4,1,0);
INSERT INTO bestellposten (id, bestellung_fk, artikel_fk, anzahl, idx, version) VALUES (502,401,302,5,0,0);
INSERT INTO bestellposten (id, bestellung_fk, artikel_fk, anzahl, idx, version) VALUES (503,402,303,3,0,0);
INSERT INTO bestellposten (id, bestellung_fk, artikel_fk, anzahl, idx, version) VALUES (504,402,304,2,1,0);
INSERT INTO bestellposten (id, bestellung_fk, artikel_fk, anzahl, idx, version) VALUES (505,403,305,1,0,0);
INSERT INTO bestellposten (id, bestellung_fk, artikel_fk, anzahl, idx, version) VALUES (506,404,300,5,0,0);
INSERT INTO bestellposten (id, bestellung_fk, artikel_fk, anzahl, idx, version) VALUES (507,404,300,2,1,0);
INSERT INTO bestellposten (id, bestellung_fk, artikel_fk, anzahl, idx, version) VALUES (508,404,301,8,2,0);
INSERT INTO bestellposten (id, bestellung_fk, artikel_fk, anzahl, idx, version) VALUES (550,410,302,1,0,0);
INSERT INTO bestellposten (id, bestellung_fk, artikel_fk, anzahl, idx, version) VALUES (551,410,303,3,1,0);
